insert into Account (balance, userId) values (13, 4);

insert into Account (balance, userId) values (10, 7);

insert into Account (balance, userId) values (5, 19);

insert into Account (balance, userId) values (11, 17);

insert into Account (balance, userId) values (9, 13);

insert into Account (balance, userId) values (0, 0);

insert into Account (balance, userId) values (19, 15);

insert into Account (balance, userId) values (6, 18);

insert into Account (balance, userId) values (12, 6);

insert into Account (balance, userId) values (1, 2);

insert into Account (balance, userId) values (4, 3);

insert into Account (balance, userId) values (18, 11);

insert into Account (balance, userId) values (3, 12);

insert into Account (balance, userId) values (15, 9);

insert into Account (balance, userId) values (8, 5);

insert into Account (balance, userId) values (7, 1);

insert into Account (balance, userId) values (2, 16);

insert into Account (balance, userId) values (16, 14);

insert into Account (balance, userId) values (14, 8);

insert into Account (balance, userId) values (17, 10);

insert into Inventory (productId, count) values (1, 14);

insert into Inventory (productId, count) values (9, 19);

insert into Inventory (productId, count) values (14, 9);

insert into Inventory (productId, count) values (15, 15);

insert into Inventory (productId, count) values (11, 1);

insert into Inventory (productId, count) values (17, 8);

insert into Inventory (productId, count) values (6, 10);

insert into Inventory (productId, count) values (0, 12);

insert into Inventory (productId, count) values (2, 11);

insert into Inventory (productId, count) values (5, 17);

insert into Inventory (productId, count) values (13, 6);

insert into Inventory (productId, count) values (19, 13);

insert into Inventory (productId, count) values (12, 3);

insert into Inventory (productId, count) values (3, 7);

insert into Inventory (productId, count) values (8, 4);

insert into Inventory (productId, count) values (4, 16);

insert into Inventory (productId, count) values (16, 2);

insert into Inventory (productId, count) values (10, 18);

insert into Inventory (productId, count) values (7, 0);

insert into Inventory (productId, count) values (18, 5);

insert into LogisticsRecord (outboundTime, signedTime, LogisticsStatus) values ('242-4-17', '707-9-29', 'CIP4 R9KP3SI0VMVHAOG');

insert into LogisticsRecord (outboundTime, signedTime, LogisticsStatus) values ('361-3-29', '1855-6-9', 'HYESC6N5R3RAK8K8KFEV');

insert into LogisticsRecord (outboundTime, signedTime, LogisticsStatus) values ('1437-12-27', '1206-2-10', 'JL2 5M MLR CH8BVRCRE');

insert into LogisticsRecord (outboundTime, signedTime, LogisticsStatus) values ('1511-4-24', '2001-7-7', 'SC4OO06K 1KNTB0B9M4P');

insert into LogisticsRecord (outboundTime, signedTime, LogisticsStatus) values ('1011-12-18', '896-2-1', 'L1UMY3J4M971EORIFWKB');

insert into LogisticsRecord (outboundTime, signedTime, LogisticsStatus) values ('1628-9-10', '1778-9-30', ' IA9P1MN8HBL9SLN286B');

insert into LogisticsRecord (outboundTime, signedTime, LogisticsStatus) values ('638-4-30', '467-7-23', 'TPTWC208S4B05CBYMNHI');

insert into LogisticsRecord (outboundTime, signedTime, LogisticsStatus) values ('1-1-1', '1-1-1', 'UCYWLG3YUXRQJI4R1IX3');

insert into LogisticsRecord (outboundTime, signedTime, LogisticsStatus) values ('921-8-31', '190-7-23', 'WLF2NG79PNW7O2380UEU');

insert into LogisticsRecord (outboundTime, signedTime, LogisticsStatus) values ('1295-4-25', '330-8-14', 'RK1IEQY5IOPXOD4TNPBL');

insert into LogisticsRecord (outboundTime, signedTime, LogisticsStatus) values ('424-4-5', '1676-1-20', 'RMILHIF3N9BDBTEIFY90');

insert into LogisticsRecord (outboundTime, signedTime, LogisticsStatus) values ('75-7-24', '1408-8-11', '8C91HD5RSJO8XE4CXQYP');

insert into LogisticsRecord (outboundTime, signedTime, LogisticsStatus) values ('1065-10-26', '756-3-14', ' MNF A7UJNS7R ONY I ');

insert into LogisticsRecord (outboundTime, signedTime, LogisticsStatus) values ('1372-12-21', '1085-5-18', '0E7ORKB0LHO9RTOD39UH');

insert into LogisticsRecord (outboundTime, signedTime, LogisticsStatus) values ('145-12-29', '1336-8-9', ' FV1JNXV SU00ERG4V6L');

insert into LogisticsRecord (outboundTime, signedTime, LogisticsStatus) values ('561-8-29', '606-12-8', 'O6PT128WSNSF75C6O25P');

insert into LogisticsRecord (outboundTime, signedTime, LogisticsStatus) values ('301-8-2', '1549-5-24', 'RG7QABDX36CIBU2D3LR3');

insert into LogisticsRecord (outboundTime, signedTime, LogisticsStatus) values ('704-2-11', '112-6-17', 'W4HF0QNQ7LE4PW9I4J0C');

insert into LogisticsRecord (outboundTime, signedTime, LogisticsStatus) values ('1211-10-23', '1014-4-17', '5IXIC7XSKV3J5UG9EAN7');

insert into LogisticsRecord (outboundTime, signedTime, LogisticsStatus) values ('792-11-24', '707-9-29', 'SBUXM361L6NYW2MVCLFV');

insert into `Order` (productId, purchaseCount, recordId, userId, totalPrice, createTime, status) values (2, 10, 15, 7, 14, '820-2-6', '6 HU K QYK6U T8P7EA1CPL5T5JF832R9XC8U00NHJ7FRGFKRW');

insert into `Order` (productId, purchaseCount, recordId, userId, totalPrice, createTime, status) values (3, 17, 3, 14, 5, '1979-8-9', 'EUGPY4VIN2 LE3821PO3QXC90K6JAD3NE7ASP3GLQB7LFN5ILI');

insert into `Order` (productId, purchaseCount, recordId, userId, totalPrice, createTime, status) values (11, 4, 17, 9, 11, '1478-11-12', 'UV0CI 4 4JQGC9JLJX6A6R1NRT7RBHHDI7PJ84IWDJR21MMWRQ');

insert into `Order` (productId, purchaseCount, recordId, userId, totalPrice, createTime, status) values (12, 11, 5, 15, 4, '689-8-3', 'RT0FD 8PPLEDSFLIP347TWD9FDWOYHBHUP4A2K1A0B8S24TWYH');

insert into `Order` (productId, purchaseCount, recordId, userId, totalPrice, createTime, status) values (4, 0, 7, 2, 1, '941-8-5', '0 1XG3SFYKE0A5WU 5Y3CB5W1EFFO4D1 CUEN3X8KKAMJ9D3DY');

insert into `Order` (productId, purchaseCount, recordId, userId, totalPrice, createTime, status) values (13, 16, 16, 5, 7, '211-5-2', 'EO469C93INGN 2IAE5U0 OA4KTR4T6DSDT2WGFOWIJ6ISS81CC');

insert into `Order` (productId, purchaseCount, recordId, userId, totalPrice, createTime, status) values (6, 19, 2, 16, 19, '1372-10-20', 'M52I1VNKELPP8YAEQ6XW9 47QFU94WWMFKEH KI7PAMANU4SEC');

insert into `Order` (productId, purchaseCount, recordId, userId, totalPrice, createTime, status) values (16, 14, 4, 0, 9, '1083-8-12', 'VFBOK6PU8HFFT FY75I3OHND7BG3EO6FIJHIMGIR3CP8DUMLP1');

insert into `Order` (productId, purchaseCount, recordId, userId, totalPrice, createTime, status) values (17, 6, 10, 18, 12, '1727-5-9', 'FK5J1Q17TD46W34QK3LDBWJQQ5D2QJ6KO6IXFXT68LWV7N DR9');

insert into `Order` (productId, purchaseCount, recordId, userId, totalPrice, createTime, status) values (1, 7, 18, 1, 13, '310-7-19', 'AN3MQAM55WBEX2LBUM838EDUUNK2FPGY3IMXYNQDKXOGCPPJS ');

insert into `Order` (productId, purchaseCount, recordId, userId, totalPrice, createTime, status) values (14, 1, 8, 12, 0, '1591-10-26', 'J4Y0BAJW5 TXDBWJDHDER319WQQPVJHT9HTXBB7DXOI3JL4NOM');

insert into `Order` (productId, purchaseCount, recordId, userId, totalPrice, createTime, status) values (10, 8, 11, 3, 18, '1286-11-9', 'AXLQHCWSK196M94CK2 EH7P3 969OANB KHWD0AX7N8FFYKH08');

insert into `Order` (productId, purchaseCount, recordId, userId, totalPrice, createTime, status) values (5, 12, 1, 13, 6, '379-7-15', '59N 1VN9VV4748TMWCPKJ16GJIOVXF05YQGN87 YG6FNRN57N ');

insert into `Order` (productId, purchaseCount, recordId, userId, totalPrice, createTime, status) values (9, 15, 9, 19, 17, '1856-1-19', ' OWRY54PME59GDUR6NE1I003560IDESVAEBA2E8I2D5Q8GIHMO');

insert into `Order` (productId, purchaseCount, recordId, userId, totalPrice, createTime, status) values (15, 13, 19, 6, 2, '593-2-3', 'GXR2 NDU2FW5N869LK2TFKE0GCBSX96014CN12P1XO7DUGS4A3');

insert into `Order` (productId, purchaseCount, recordId, userId, totalPrice, createTime, status) values (0, 5, 6, 17, 16, '1-1-1', 'KUINGWI5NRCIP7NHU64Q9KD6RTB2RBS35WKQN3FX9JCUM9HKW ');

insert into `Order` (productId, purchaseCount, recordId, userId, totalPrice, createTime, status) values (8, 3, 0, 10, 8, '1535-1-10', '8 X1VAQQJEVNV41HJU3PWP78 IGSPWMJYEUFUHQUQ7L2Y7J4HX');

insert into `Order` (productId, purchaseCount, recordId, userId, totalPrice, createTime, status) values (19, 2, 13, 4, 3, '468-8-3', 'YH0Q58EWO2  BXLLRIE8GFD EB6TFNOISPHGK2BSGFR4Y4TTAW');

insert into `Order` (productId, purchaseCount, recordId, userId, totalPrice, createTime, status) values (7, 18, 12, 8, 15, '149-8-29', 'UPPFVU3886AEDWXPMC9N8XUX5CPXKGGNBQ8RT504L4VM6L78EJ');

insert into `Order` (productId, purchaseCount, recordId, userId, totalPrice, createTime, status) values (18, 9, 14, 11, 10, '1231-11-17', '1TX6F2 CQ 32V6SRW57B0NI7UD 80FNWQAGLDNWG9WWCOCXYKA');

insert into Product (name, description, price) values ('KQM933BVCTUPQ2F37X48DTSYUW 0SKF2J51TA124QJ4YCHP1WW', '6S86TJE7TK717MB4THAU79HW4A9RRBEB97CSXFNRDKWKG6TVJ9BQPOAS O22CYG KEO0JWUOFF330SB1N2XPAHLT1E4Q79UR6FCOBA6JGWXHJLOBAJJU1V72F8CC PDDFH13NKXT9S20KDTA G1NQNUGL55V1D0AYXWYSECYX6PBDKMGIRV YBBTA7INI2NYO9OAN4S6T6LGYA16XH2530HWGOXHD6AST6LO1OKQJ5 X6A2TKX4VBI6EEYEIBUW SGHXHO3Q1LMLOYQK0H38IABTPNICVRJPD3LFBFS6J4WRSE1I7OJQFFUO7FBYAC82M7UVMV1 HJM3QB3PA9KBJQOC 6HQOM31V5JCAKD NT6PG4 2R2UA4KT2HY4HVC8GOAMF0SAX32H4PSUGB5JD92A2EXWFGUU5YAJ07EAF5J07Y2VK0PDQRX5FOG36W61TUV8H31Y2EOPAKA9350IW9JI5K1DQD 31T 8JQUXAR234KG8LBMST6YF4MB2JUM7BKOKCWQSFEE7SV81HD5IUNV26M4YF12P347SH577RQMNV2Y 5GFFROOM1OFDMJYVOSW VUHVHJQGAMKEW0E P0CAB6D6RNM2B3DSY4EJNT BDQPMVQ7195JBJR7TXF1N3W9DFWFX8VQEWDO36M30FFMY6CE6KTR03DGEJVQU69GD1BF5SXIUKXKJJ6JRJE3L8WX4VI548UVGC4JBL912HH DWQDI3O VD5W9D44K3RRFS491GEGNES7UDTS XV CA5N4HOR2EG6LQFJU0IM5VA6B3HV75YCJM', 8);

insert into Product (name, description, price) values ('KMM0FNFIDQRJAXSNSTOKA3I9W2MHN0P099RCYHB RCGIK0Q1LH', '4OH02VKOM7R WW9YXLOX5H9Y3VT6P 0YMLQ6UW B869Q9MVQELT0DF3V84W PECRH8QLFWANKJ0LYI9UU0PYSVBMT63TBV6ERIV9 NIX5WEJ764KHD1XWGGW1PLEO757VJ4NFJOAU0E 1S36WB M2C3ADL4UNYYCGKXLJMTRPTGR96UTUPB2EHRAKSXOXBBXH0ACSN3C6EM2GV5JGKAPTE3BNIRU12Y 6GQIGYLTW0EKY0RB1 OE0BQOY1XM6QOD0ND7OKH1T0V9XFH ABVEE1DK0TASEHAYTFQV98 L7YMMBM4C30ND94P5RJ7HJ2LGNV EU795JKUHSOI2PPHFMPGGBXK96 IIU6S1VKM4MO53UELRL480ANFD5 S2OCXN1NBGIWCWJCQ4S99WJ9D0TFFTXQV98WRA6V9SRKQUNPCMMBHVK5WQN58HPHAMQ30UEGXJDI53L4936C7 22CVVNR1QL1CY0NJ893JVD SA18E4RGGLEPJGDW2LOQ DDQIE806MFLYX5LTSNAE3QM82EK03GFJAMAVYIL4PKHH1771DORUQR5W9JQAERQEQREL8E7I0G37B7G6UA0QYB TA5C4WNTDLI8JSDPU7AXWV88PXH5WIH8R7DHQ9BDOG9WIJ L3Q J5 K0L5 C1GFNUUW57G3KWS0M7N0TLT4HJAMR3S3TV1GHMT4HKRI62QGL7JDU3HWDIN   YVSWV3G1K3JOP7GM9W22 4RPJ6UFAEQCHYILT0VG8JHE2 8D5DB5XJ30IJIKMQKQ2NBC1YKMTRIE UUKXHNS', 6);

insert into Product (name, description, price) values ('0Q8AIQBTB1K9422XT3 RUJYOF5JVW3D2LWWUMJR8QIJPMQ4HCT', 'O Y0S342D2L32YGEXXXP1TTCSW5VXKF8UYY1IQD0KLGSQHDX81UAEDMR5FJB7K M87AVLY0FIOAJ1JE2XLOC9Q820UYCN3RX KLPPWU5STUIR2YSA GAPWXMLTVUYG66J244CEP18PABFNIYVSMVKI2OD183IIP6JUM4SVDQ06FUDJKEIS7CJU D6FMQLWTP08D32ITVI7IKQOLUBVR90V2S023V5U2E7Q7W 1V GXE7EL5WO4DN87SV9560090VMXFO6WJGUNFY1JT2BOMX62KII210QO9J4NX407ROXUHG3E7S4 OXMFWIPDB6MAEUSU47NPJT84YOTPYFFJ7W5UCJ1Q78V032 MYD2SX1L7U18NP7O0EF2KD6X DACB0DF7WH I E52KC4269P9 MIFNX554VQEXV01XRVMSU9S6U3H4NL9AVE1R7RE6VJ4JK OLW3GI8LK75H1ACP611DJBC00VN YMEUWYWN2AC4TQAGLG7PBLFXU1JKH1Y4006DIM9G4CU33BQWLG0H5TOBGNW8F1XR5JNOMPV4 UAY35AK55GB94VJITH8NS3IS2E2EVY1N36LOV9X3F3MGDHFVE8X1PFQ2I 77A8GQCX0VN98U7F7O3FJ 4 3RQBLRTVYJPTBMYSMU9DJIGV5 7X91UGQ0EH09WEK2C5E7800XX2PT4QQM9RRRGD38Q4ROTTIM0685LN5MG8B887M1B  OU8Q 8TARLAH6065QER7J66SSUEOPW4KUXII 2LXW8WLV7V9V5APIXJA70D4F7432NMK2SSP5WM', 12);

insert into Product (name, description, price) values (' FF60VOL7QUHG28V7IQ8YENPIXSOR1EJ54HX93T9CI2RB5AVNP', '5 XEG6A0CG3GQVU0D0S9SP0TACK7G7NCQ 4ADWBO8ILEXUH66IVAQW1BDY33VFOU7G8GHWSXOYWBCS4MK36DRBR6R9K1BV5TR6780T9BA6XHA2X U3V HFBEQQQ3 7AVU1JEYSBBXS9OVP5SL1S5B7RXS3WMUQCJ64924QM8TIV XB2JPJ76FD9JS3TIOGL6SO U36TED8DX39XLAFXURB0YRQU  1C5W3RN8ALXB0UITI38SNCC406T55VO3SXN5V8VMXOXP2Y0AOWMXCB7052NJMAM4NRUDQJA8LUETQU8H2QTORBFP1VVXK0BW86ROID3REU67J7B7L2VBD9ECPYVILHM5TODH9 VN8I4R59U0W9NEQNWRQMVRGRS9COGH33M6HPWMFSR67VYSKH5LF80I2BHGCPUOD QEBA47C2GVGEIJUCRCS7ERH7TS596BKH04I6B60XQX6CX4K9Q5DXYXX29 KY0XBXP HBWKRQR3MBR5YVG1GXLKRYQN7BUBD7EBCO7N1B5SOXDMECTTYM2MKKH3901MRP4BUAHXG5W8VT5SEB  HK29 19HKOV6IDCXD5T8S6EGEMB4N MW7A7YV56PP0LPWPVW CBPXUIA421H 4SP3F H92QGSP93DNYPF WP05G9IWCXE WBMJSU9MV7PIWLGS9O16GX8OTSQU8T2CUC0AXC82W7X8FQX5UUV3PB HN NQJS9JVB5CNLMALILNN9NC54MXC3U6ESPC1TGGNGIG2H2N2WINA9OI33LW SHUXV1LF39G8TAB74B1W0410', 16);

insert into Product (name, description, price) values ('S6VPHS446DQSLOG2HLDQY3HR7FS3MJPKSQSI2DU6EAY322P8W1', '46AW6SA16T8HRFB93HH45AP0 DV07LRBEJVAMXCYDSGPPBG3L1 730FBRA4TMNRN28YBC8E1PMAORU 9N0YS0LCVHBA07P EAYUJ5QSFTN VSPU3MMWJ0UACFVEUPWFTKJASK0XBNBC6CC2S3BUK375A4I0VMY41NXLFWD7NDBNUUTOIYMEEXRV6F 727846K9M5AR2DHETMHVS8FAO 0AEEH5LUKTJ5NVR2LQYBRK5J6UHVY4BKN7R7O1B IFHWG5VQIKG89XM5PUWB97HYVMXTQU2QOE36XQF1G60Q9POCLI7ADOV9I8 AJW3NIRLO7EEDN29DEC9G36LFLWQ 8F0NFP2S5751Q0AG5IRMLGX6BWBBJEU5E93TVYCLL21P8P4GPD5UYQNO4CND0RH16GEKQGNULBJ6PNGWX549 32G5RU 8THHLB4N24DTPMYPG9ES42B3EL9GT79FLJ7LBXFO85D57ANJ12KHHYHE7EU2C98VT2J YWL6YS1W78YTBS4QVAE5QW00Q85FVMWMQLVL3HBIK4ALE9QR19T9IMGFP1G21P9VTYKAXUNU073RQHN5FNKIF8DXVBKPWU4K1O1HWL16WFU80NMVAXIMMKJGIA 49SGV1 LCUO07IC0Q62XDP8I6IL9FRV818HUE9WOXS4MYT75XI8CEHCGPSGDKIOU38XD7X0P736G LWSDJQA88OCNFH64FVDSYELN0J42D7N5G0KL3FKFBC4BQ3KN DGJB7QKCGF9IRTQPQ2X97M2X2SX8W06EPQQKXE7EB5JQH6HIXYO', 0);

insert into Product (name, description, price) values ('6CRD1PUV0UMWIUP49ITGXM3RPHIXG49WXKES26OCCH9D WLI3E', 'G7EK0ADNRPE4P2UJ97T7LCTFI9FIQ3W2ANCRA2YJEF89PBI67WPL0G1GK3SA2GN5R0GW92NIJ4IV XGOF DUK5F0X52S1TXY1TAN8QKFW0SJV3G CMLSXOLGXPJCUOIFOSW1A1V3DJ5CKMAYL4POKW9Y592OK68BGVWK9OR5885OX SE3YJ8P94NGF1XY4XFF1D2S1G7 RYEPBT02PIGF0WL00ANO GCYJ0UB27PF18SEF9B07KWHXDOAXBS2VPLOO0K0FB2M25H8P0UOC3EIIDTXA1RAJNOH02CUG2KX0HKAB1 4759TWOO0CY9BG8XL6FOM3UF07GIDYC2O276MV7 RH4JTNGKH0VFVY0QR5V643X9 ACATXTARB14CWBSVHRYWD JEG1VXRTPXH4244F0UIU06LXNUQVXS87RFYT9YO4FPBMG181K6Y5MCRD5O1NHH556KKLG58WDQOJSUOM93P3QP5Q50WY6MCBLVFA AHCBRK1RLK78BYCJW47GQU8WMR8LPTCPV4K2U7SI5LTLU14PCOYRYOG1SXHQN5Q 6GT9AW2M25KCVF678I6N6B5A13OIM  IAJAFN6L0TAJD USIIY6N2TAU93F8Q33F30A1SNP1KQWJX1REYY65OEI8YHE6HBOA862GV58H8TTJU0E428IIAHVGHG9JLRT042  CMIIMJJ 3WMC71IXHL U1TSE3L5YY8CRV7FN8M8EC T4FDKJ2E07H3PP97UUQ1LWI6GYDB89IOVVNT2D7TOPJFSDO3LV8D5DGYHQ5OTVUMBIIMFE', 14);

insert into Product (name, description, price) values ('PGCOX GM5W115R2BLIJQD2FA SVTJXE676Y7L61DN0LU35CJL0', 'KTS2N92LFMFYBNSXMN241MHNNXYILMXPATM2YDALMYPS249Q9HQWI6PUO46YE9WSNTJMHHMXTYMS7WFEH7VL2P5MA4SVV FUB6PEE9B05MDM G7E0RX49QNS4 SK5KEC6FUGP Q4Y6OCGWK5X9WSJD038 NU6GTMG67B5O7HVXSFFYHYLYA9 F37VJEVPQOYKBLWAX36TDIQJ1Y1K76OKCUOL7L974YICSAGF0U8 45L681ISL3J094 APBXY0SBRQ6ROVVLW0KNJASDFU7QRXYI1W7B2G7E6FLWY3N1A 40JJCKYT4N5Q9I9UE8C7CM5CHFWYPC75S7X1TY3I0Y6S47MPKVFKESM289YBK5 RY48HE8V5LTQTJO5VXUQMHKQDVQCSS 79N3R893L13SF6NX0S86F0VKW6VL4JYAT7CUL9O2TPASN JUT5RBJ2TBVJ900GRGXD2HK9VMHRG6LVB9BSA1RSJ7NOMJN3SQ1MFJDK54N1GR788VNM6MNTDKJ014DMSAU0I D3UUTHMN82GC5TBPIGPM3245BVH8ERY6TJAYN8UG8176IM1CHOUI5J2EDCLI 7XTP5XK6KL5HISTMJC E379V9I298W05W43RV3NMWR32FILR3OHX 9UNAQPHA9KSHRLJBB4LTV4WFNSD204I8G37QFC90IV0SL9FQ1SW3XEKUNI9EVLDHARGYWENIIIATXHH1SBNLHKKKUWI4BYJX9IQG MGL719PL1MS3D8EMM29OUFFYPQI XJT09CNIUYRX5I8JGDPXY36M9MRWQLQ0H', 1);

insert into Product (name, description, price) values ('3IN57OSEQALCKUBVANUCJQCQ 2RGSF578D8LY78WSRXLAPL4Q8', 'OUUYNTE9METDL8Q0 VLFE85X2LRDFTYK9HWPJUVISAOQ4CBDCH89K SIWOS9DOIGOV4Y 30SB6GN5QYRY533WO4NLSMKCRCCL8 JONU2B MXFACDLQVYJ7OSW KT0B6CY0HQ68GD4S6SJH77E9VAE42DUDCWU4QG R45R70IHTPUVHC9QUW 5M0PRCB55PSL670UHLN9AH86J3ID6T899J407A9CW67LC8QB74LBTBE6ITJCQLSTYF4E3VLKXDR5JVEFK318J1BQGSAULVWQAFQWKW6GURDX4DNG0I8IAIN3VSOH8CKG1CRH19HV0EXGP1Q2O1HJ4QKW18KPF05XUQ0Y92F9M4C67EBCM 3LEWV8 9YX8XQD0OA27LKCKCMFU4NTJAFWRCRJKMTH0CRJQ GI69UAL4RI20KE NVJ5J1QDP5KBNAIY3FUPKVQ77QJN1CCB9TKR302SK 94EXTC55HOAQLP0NMMETEL3PW1VKA1 FNJCSCGVIV6A1C4KLPBBDPRR0CST3F1BLL3BHGIQK8MMWPBLOPBAXQEH9M2 G0JKL0GC6VKQBSPF2YXG2DIVXH16YF5P5 1HLKPMMPIOTNE3PND6XF2VB8VEP9OD4MVDSY4H1IXX5RY3LUSFHHF6LSXD2LKKWO4AGQAF598IE2V4YY8K 1BUU9 YPRX1I8LUTC34BAM6RE0YNTDKQHQ5K8LO929OJV D65NBBD08EFEL NS2 5 GVN5RGOAJ2IPUVGE0KN7PHSH5T4TD4AMAFVS0YN0SRJYW8E2CWQO9A2VWKAIGI0', 3);

insert into Product (name, description, price) values ('EGBU0XXXQ1PALH8SXA5MDA56OGI330FQ4E1 YUU9R1PKQI2YJ3', 'ICCQDXK QURNRUO3NKRKR93MJA6LRXKDSICCOO2K16R1TLMIE44KKN6UNX3W71OAUSLD4296SI09QRHLVKFJX3V QKAGCRCMDBXQ K K4M9ATLS3WOQMIVK6L3C CM26DFKWCA5AFISI700RMDLHQXMI8L9J9WDJ3MBMY0OVGCFPQKP6EN13UWHX2AMMTITC2IK6H7GS5FI25IGWYSQWT0MBNIL3MY 13W64AXIBT6Y6VQWC73SPF7JHXVTA HI0BPJJJXTOY7524PLUF5WQ82P23 FX3X1J43LT6ME2FB25YPAN4L8OLSOOLR63SU8U49UTY2DICF586INW4AJILB3U75BBTEU0AN8SC TX2LGIBOEOG84Q65IYWCKIMEM1UUDEPQU8A2GNSCBWKJQ5 IMB2MA0GDBVBK8O1DM5Y8ANOC6G0KQ2H9258IBLDGRAGOH38JCCANJ0 5U4TQY5YXLKBL C6FS2D98JWM9FU0BIDV5L4OSGEMVMGN8VGS9SDH49IMLWC7AGBBYFF77HM8R92NG3LM314PC 75M3Y8OH4X84J7M387 AWOMDQP87JFMR0JPCY97OTSW2HR0LLPFHYY8IUHMPSC73NR6U1M3H7OYLL5XOUIXIHYBNN09RD8VWOGDP4S7SY DWIRDHX2EW26FEN26J14YHFURYDGSWGT9445 GKHR5KDNQ30G4T4AK XRHBDQHUUM9L0TL8KYN2FM13X6H1J889AV6OHFN3HM8E8J57O0M0DG4GIFHASP2W4JPJYRWXREW9VBWKXWB1DU7U3EY', 9);

insert into Product (name, description, price) values ('XP34648RL2YH2I1H2PIN8U074I9X2VSGTC6F49VD0TRTXJQ50H', 'GH6YDDCQ7175WE2081V 40PS6S0WNRAJQEKAWMVTA4QP9PV7L4FWJDI1M5P7259WJHEQG1OFOTUB5P10XMRN61E Y27J2MMHKQPJWJEVKUL2E1TX455J8OKGXD9SE4LQWF26RMQGD4JJN2IABJFDOO55O1A5MCI RXKOEHBCUORMBQGEXQYB82EOK7390KQFQTSDY XM PYPNO FOWMWGGIL9546OQM8OQY2DKA84L8JL7IGK9W5N8RCOBAEIIKFRKQWAG74TUBAX8FHU9NGWDG9191Q640YBCBI8FH2X5EH7D7E2IGK1HYLUSDH3JFN46HVGXYRLBB4RVB03Q9PSVLIWSTBHAAA3GIE04JU7C9LON911TNIIIR18BFBDO6JIL8WOS4SJD4OW9M39VOYHYX67MTYJJL W9YK3BN1IP9J3YXPH10GNJITF125JG5138K1NU3WESHTOLUAMRPUT50PT4U6PNG67HHCI3GNR8AIXQX6YIICJCYJKKCS7 7LL3NXMHSEFTL TKXN0 LM4DVW4792XX2KXCILO258IHU37WHTK0OPR4DB92TIJQP55M3M9KN1D932MBDQPM219526 AT2K7YCIIWOLDEQQFVIGWCETXJHENMTM6K37TJ4HQ1RSGK1HC8HVI6NJ8FAKGNFR7VAIQ98V72DPKCOXLSEQMP9T1K424X5915UBR GRX5EY0 6IVO4TCSXTYE2VS50BEA87CLDG5W3 TO120LWJIB72QTMTB3YCAOIKLYLM6I5YLRON2OE8I7MCB9NH5LS1RBYIB1H', 11);

insert into Product (name, description, price) values ('9KCO855P4UN9WOR7D14BL8059 BT5J2W2OYL57AGVPK6VRHDMC', '6IQNUPJDO7OOWGEKNSRG9FFBG2OD2WRHBVT4G2DCPRU8F5VBEESQA I6TNTYVG7RH1IFBCMNP60XDYO45KEKI8QWP199HPBJH05VQSPDW5G14XT3TT7ILB 0YY4A526VBWK7UC2DPG19XUD8KVAG3Y9UQB FYKWQB16JHM7JY25PN2HHWMBQ9LJOD40HRXL02UTEDUKKN2QV3M8OI2F35BTQNKWO6JFIHW0PWXQ34Q6NR7UJGECMLT72G0UKLDKVP0NTDF9O0HHDY5IR0YAX8JQP2XL8957R62AGQKRS6X7SQIFVS71WGIIK00G326NNN6XSS7URTRB  WVCMVXXGEQF416YUG4 3I5E5W6VCXFHCO5JPOPR6MJ0G0423N 1UH274SFBIFMA8SLPENTLE45 E15340J2EN9MVSD4DHJQUVJ2HV3YLMTTNEO10K57OOWEBBRB5HCI77DOXMYV4FS02KNEPV9HSGPP5LBRHWQU2RJJ CFP2JCVX3H1S99U4YV6UDX96FYAY4GK8MX89KVNQR77RLO5ED5SN6EJFWRS7JNJH6HPEUQH7HBLSHY5M0TXN2N6MAER XK6VYNOVA9HHAWAX7MJ DPFMWKPHRQ 4UT3S J6YIYMUGJQXL9U225H712KYM4MBJYUXHPNKS8PYABWD8GJNW1QRM61CAFA0VKT8UCVJ1LKPDX1LCU2WTR7GDUE6E2 HEBDXJ23ETKW9DIUQS2N5X9B9P6SBP 5PBVQKA5 IEOA56UGP2SI2G0WWO68S5OJIGW2YX9J NJ72Q3E6DRR', 13);

insert into Product (name, description, price) values ('B1DQHI729LLYN3M16OQQKSIT5RLI 4H2PV6AMKUKHVGMCE74TO', 'LV08V0 O2S5GHB5F5FP8Q3Q3172LNJPE PSYH2P0SWWGY3FRJ AXE Y9FY3DC1ECQQF3SWI WU2L2KGXRVBVI4UWSF GB1OEMSI6N6L9N57CS84QRJNQ9145 830DCDBPX51Q86GKKHJS88UPNPKOXI275CK4FBPCD0XE3I0EYIEKCPU5XDWLMSJV563XDH47FALWEWB9AJMD G8TC4LLJSGPBJ YYR05NP36GMPHSAAAAFES YY1WAKOWWY6L3PEPIW072DQR T50LND3DN3F7H4BB79EJHFEHYYBLEXPG4JJ0771ETOMETK4CCQ43I PXJA2NTA80IU O57ENYHKT0V12BV4UU4RPE6DMK86HMA0OJIW8 21FF4Y3JRHTH5U6MGT0GLHAKR14BLES7NG6ERVLS8W79OG9QSNB7E9BW245A7XHEBW42H07BWQ41K4FPOT3HYS1GOWX6DO OW3BJ7P7P70RG0OKVBTWUVGEMWSOPDYLK1FTT8G9 CEC4F 9XPWBP2WX2UQLCT9113YQS2XPL894KJ5H3NY0GOTOYCF MK9NG9C9BJXBBOKC7DEUVQILC737S263VRR7JJ J2QGGG7YCB83E9BPSKCSLJE 9DTQ4IMWSO0L L4RH6NSSMIFB634IJLGVAH98W3Q8P0N9UIW3WH66Q85Y5SG3KMVARQO0Q7U5KQ29MA1MIV49S71GE0A2R87YPTCDC36VMCFGS2EG 9M8DWXMQKBNO 092BWUJLDO3CHSMBX34AVVGK8CUNCLA7LRN23EKDR 5J6UT870R', 4);

insert into Product (name, description, price) values ('Y2D JVLTUJJUYFYV05W7YEJA2M3CMTI1TE9G  STLFQ3KYLSVG', 'Y5GH93IBND601UX66SM U95V IMGVIRHIYS8SB PAJ8LCBC812LT9IL7 RR  OVXJX7XRCQEJ559T9ICB4VGLQT08ABC4A ISVL6K7QQONRKWK4Y0CNSMWA4LM0TMKNOEPD1DP Y8NHKUQREC9L VJJ78G 3ODLORJGX58J71YAMN 3XTJWPRW3TOMXB57GPINCPLVFJ8FNK45UO90A0CVJIM440Q9YVMG0L7ASV57KNUQQPRO2BJ0IO45C2VDV6AH08CVQ3HHLG7XJYOP I1INLH VUW1YJ1IEP0OF 7OS2BI1CNEEUA8NJA4K2RE0SNFRH3D26JCRV402LM76YJO6KG5SVC8WN887F8BU9 5NRAIGESRPYU1 S3WFU71HR25GSTH2RC03 CT5CNTVB 4V2NAXWQWONTIMA2J 0PVB7KD0Y B6XJELBUE9G2LEQFVH0 SXCF 1G 90LUDL2W217OIW86KMF1UAGA79X5MJ8EA4KJ7NG8U0HG0UFSWBY6ARHJEBXSBKEHSE4Q7C6F8GNOGPLDBKGK6AG2OKBJOGALWTBAXBR8BA69MKR88E29NN2YYE1WI2JXBI8D4N44VGGAB BGOWOK AG4UBWMST9EFKRHNYKEBXS5M62UE893M137JTNRLK S93QBHHU3PSBKPS61PHJP5E N0GXM7SLMIBXYVV32T05HW1AHOV8LEBFQSRAU2GF5JE N4DUX0RB6QPFCYNY77A6E3D6BQ26HCKF1QR22C2P5V 0KV 78PDDITWX7YO IL4RXCB3OI5483RWYG8E', 2);

insert into Product (name, description, price) values ('2BUUR2UY4J5ELTDU6QHNHUQNELFPV1T974DM979KVSOKAQPG9J', 'Q33LKG0UXMVETLBBHSWPQU5AIEB90BNTXRKT 7D39SPDVBHD6 V2 E9TCWKT1RMRF8EEVWRR7NV7VF05N33QXTR9EWVK6SHB38S352VS2KIOS69OYE0PVGW2MT609YNI1ME4IUJ4E2AYFIN CAJDY9 J88Y  KKBODG1F1KI3THMA2MYCD8H0WCYPY6RSJOLPOPV74SO9NTMQ2PEUE1BONCHUUD0VGI24UF0T838BJLBVFC0WAKEEHD5Q MT8LKF4DF954EP0ONJMP5GY2UTF VYNLHOOSE8BV2US8MI9ABGL5N7NXIXPFAR913HRMN H58E3NSYEVGOBNGP APK1P3CGV4JUBW0Q5BW95UAX1J7YP8A6N30YGVEGROJ0QSOF 8U84VOOKHFLJM8RPVUUV4JPKJM8E13AWI0QMX4RCR60 CMJAS4RUF8XAYA6GCF6B3PAE3LLHEORJ4KLD4AOWEW62NHARHOETJJ5RI T7XJ9FP095N88AQVS9YHUT6QF4XKFSC0DWEULDXT9VP6WT2BBBP3WRAF13TA 5RDJ5G PXKSG26TX13EOU9F7DMHATDKF71MSL7UC6IJ2BE8C3K5 NJ2F52JLH8N7XDAX6BNXYMPMECVYUAION WX7J4IEK9H 3Q2U 2SNVSV8GNBQ0BHYIDUAYP044G9PH9ISY6XE55UXPUVXMAFUN74TAM9B4RA0X2YDGG7YG4WQM5P7X4ROEKHWJ4QRE13KS992AR8PTWO19OS1VD22C2FAPE7H7N1MGVOHSEDQAL1E6YTICI5OKO9CWH', 10);

insert into Product (name, description, price) values ('3R6O8KN950WN LKUWVW9RA51KFJ5W50QGP4P2GV2VQICGATYC4', 'PLG985FSOHT1USW96JHWAEBW6FNT156DJEG1IP4W0YQSL7SSJAUTH4TTJCS9MEOYBC5GKJ2WQ1G5B242WQFFGQSHWMN8LGI1X0 IVKSE60F2L00S80XW20CY9LFBEDX9J6WHMDV0YAMSOGOMWHLSWBK9VRWK8R4AKRF5T4X6YGL4ODC4FM6 DPI98SAE10BKRTKOBQJ7B8C4FEBQQ4 WOVEU6HGNM4SK4LXLMQEEJJFCMWUVXQT9S5DNSUPJGPWKYHKW4A7XBE RMT9RGF39ELMDFYWQV2XTT 3XX8OVP1NOOTYL1DNG3VFHS4H9 6AGJUQG02J8YSJVR59GNTYT5A0GSSCMONCH9W4P0 MUO7EINRNCJ6XROTPMMKYMLRLWF5H8FRQKQYG5W9J6B122I4V8U5BK5FGIPRL2JVP28TFRTXFQS6DYBITG6IX4M8F433PKDFEYMUNPINTP2GF KWYCPOWD F1CTKNKR8SRK6XTW 8RK A7FWQVSWRT1XVSEUSAAPRW42L9O6BEXXL0WSLW1INBB8IWQQYCCXBQH KM94L15OF9SI18C3876LJ3V5KR4OGF8K9WVBR1HQI5MLKJXAO7RVON68L JC766JKJL GMET1CRAQF7 OD LKQC7IUC N0FV1C6YEYQQQUBH5D 6IAJWXHBI9K2CVVENMI7RA2LHW56QET9 YTUOHWBPFUYQ0NR1WP2KXXA8931951CS9C7D2WUI1P3882FIXXW53FJA8XDV2AU CLN5H9PUQMCJPUNKANL0MB73MCE3VNM9IP0TIS', 7);

insert into Product (name, description, price) values ('CHVVYERH354R5DS6E19JS9B0BHE5S25A2S4WO6OLGDI0PLQBTE', 'YQMGDYOJYX5QW9CAJATD64A7UDO8TT31XDBIJHEM5G6DAQ6X0NSKIS2VY994JA3LA32H3T6HA6J91U0PE2XQYJ2HN09Q9 GWXFKE 79GQ8 H6OT1SO98XI2SXX5UYC5A122T O3P4 RIJ0L8GPBQJJYG3CYNBG514SCLNT DDXO6R9BI2K4BQ2N1OV8QW1JAWLQ39WCFPO1T7H1 HS8J8600K821YHB5GM2YYWOUL1O32EUNX4SBJM2RUA30KWMK24PDMEEFS 14ADUGTEGXXVSJX3FEJXJEDMLUXL1WDMYEMI58WNC5F 6KISRHK 8I7N4AAG4XM6YULF Q8373WOAXJRBS 2WIR0B2YI8174YRHIHM219C C8LAIUE1VR2HLMXY0YPY1IVESXE1YAS112IAPMQOP1O3H4 3RX93MMB5VKL KKTAG0HC4FMOK1PLWCUVCS 1TWLF3OI2LX6OX77KRL9J31JA8DHPY92IMEPNGLHO2R2XJUBAR1CMMEDQ2V7QD2KKAS 0LPNL2X1MV6D6C4WY3IBS00UU6YGH585IQC3RWU20BHR61REH4QGK FKQGPMUQEDXWYUG HK8U2VJDHPU JPH CYW24WHOK8RM0R8VCA438XP472GLDX96K0MF3 LVGPE7YOXDFGCBE4I6I6KJRWVVB5WQGGJAD6XIB9OC9PBJWG NF46278JKG5KO6V114E86N7UUY AA7YGPJE129KTWB99R4M3G2L0DIY534R7WRGKRYVS4IBJMQ3B2C0YY2DQ0J IHVTW92S8BDUPEMW', 18);

insert into Product (name, description, price) values ('WVD5NIR3 WOYAPAQ3 VQB5Y7AL RLO050HU8N8 UG4XH850JCJ', 'TP6NYASC56LOLLBN7IWFWXMKN3X1XS8L 9JE3WJPKWK MCK4PUF8J6 G9XCKET LQKB6GYM681F2M4 MVD58XVRXTTVYSMN01 I7K45OLN867E95S1CW0KIDCWA4K3XV25M5PT93B0IXOC7PR1U2FFY46JVE ON1DQR3 136CGBC8SK4INY1ODPEV6HJ3KLCPNHG7HWMWLAWS887WBIH VIBCFIOPILK5YX41JTYJ4IF0R N7PYFD43XQ3TCD0JA3TREV46Q VO6G6R UK5DOX85H4UIJ5B23L5YXY8ADV0SBXHQNUM8GSPTBKKJBPVB5TUV7BAY2A6DO32ANMA92TDP6QG7O56GE43NF6QWNHHDEHI 74P6PU3FF0JPCI7OBDN655W93XPO2GU WRX3AARMKYELSJ06OIUSPJ82L85K133GM4IIIABOGA4UBOO1JOI66957M8PQK5CDLVKCWLO19WAW X87661HGX5IYWQAJYOP9XQYPMVXBT2IN0TK7GC88RQQMA4QQL99C970 FWKC75XXAMYJ3VCXPFIYQDYNQ9SW3OOLSU1BGQQ8TT0BVJ5S9TDKLFALQVY6REI52RDH1KYR8KCYQWFUPGSCHTGNLBATQ3G2BQFDMY0HV7H8P BTV14H5KKN UAOO4VH8 0S0NR5RXU40BDDB6MEG86A7T9VE9IE6MWU70FBJ4QX21KS7KHUHY8 9HJVVVJK5WPVAXN9G2D8FQ99DYRTEC3WR8AC7WIHU1WKLRH3J5XUQL8NC3GNMKH20GLBOPGHLB UIHEPDSE', 5);

insert into Product (name, description, price) values ('FP6UMNO0KD36EER9R7KL 21B8R1R12JXKTASCCYRA2J75S81WU', 'XWAOP9RGVLBK8XKF1PAQMC0AYOI8Q7FRVW15VYRKE2TWX40O2W35TQH1CTVAN0ITEWMPEU GBSVIJV979 6VO33FUU37NCIEG8APE39R2TPP41VOQV2JND7HHU73RH04CEU MHJ0DA6BM9CQUMU5 5B7L0TFQ9KKK OQPFQL6GNJNPAVAG44MPTGVQ135AQ7XTMK00UVSS XQA9J2P1ACY7 4JIFDQ4FKT4JR0V2PXLJ2IY3DY9VQH1JM4G3IHGJV422UTUATMFROL0QQT0H5JUOSCI8H2CPG  00HTM6T DDE4MY608NY7WD7 CYNK1ASULSQW16J8OPE1U50JI7BQMFTMEG1TJM45HGY8CJ2R82SIBOID7FU358JQO6SW5XR1Q26 C5SM3MCCX5WVKUCYPEU6X60MO0I1SI1BOA9EQ8LDHJQV8ND0ETCABAHTTXHBKEYGYG69YNMFL1KRCX20BNT E3PE81TIA6UONGEU1D9EW46HBFAQB97O3YS7H WTO0FA4CXCNMW8VLJH3RIYBGMCS2H7 O8YUV KQIYIUHOUWHQRXBUJ06BI9C7D2AI68KIUNKUL2SC8B4YTJ83C3RO5PI3O1BI9RMKKYG0D95BFB5NO0FR93P9UN2U61I8IQCI3PD56NXNF1GD VNV7IVUO3BVX5XSSWU7VTS2VYC2DG8TS1C95PE88HB70CUIGC0AE4HOTABYBKWVQUTB2 PJQKWLJHWUGMI06CH3Y4LCE48J1 530HGVSKPDODYC6MS9Q35MPDPYUY81DN5D0CMMO34KMP', 19);

insert into Product (name, description, price) values ('7GJR0WN0A3XUBFOX8JRNE7DORI8OOHD5W15LP7EM0422E7K431', '6TMR3LM 1O1DY3SN8N CFI5JFA26EVK3069PF8GE4TIUFTHSSXM1FKJ GIA8GLS17G6NJ2VRHS5WYR7TSHM2A8BHH5541RIYQXW52LIAMHH36884D5S7 VOSM4Y1Q 45WYI5C136AYNCK7W YVGMAIUH8KKOTKWVA3O2H7CIGE91BCKJARKWPS04YSF1DI89P1IMFM 9F7JVDXMXB4I J1I5R8GLBEJBCMR1VFTBSU32JVG3BD9AVAKVUG28BH80KUKVAFNHE185DSK V3AMM4LLQ9B6RQS73XR6X3CGFLN37XECS1M5DUWF5HP6WPPMV5KAUKSU8HPB38HX74TILFWF89A8QNI 70T2VMW6KV5K08CDICWOIG0M9SNW2HSSL4VPMNLVE2D1L7L5E K438PUWGW0FP3KVBKTFTU90I9CAYTPSDVM5NHV1RPX7L2P5HDFISOKWS7GC3MEY2KF79TEUF8BHYCGSS60T14XXQ6URRQGFQS5LCB1T97B7CM0HGGD1M8E87N9DUT0 6BVHRJAOBVF1XMI4W8RQ75X4AN RTM5QFE0Q23IHQ LHJ3Y O1T57YDC9OL9VWS0NUG1GM2JSV4ROT8KKWMDMTITIT60TFUI4 GUST5G0CRXGL7MFGNA6Y1SJO4 4224BONFKDW2 TOSQ8K9ASQI7KHR3EBUWN52UA5T 2CJJ5EYYOXUDM7FOXCJ1M 3 3OUHSFSVLFBKSWS6RWY02OA9B07DLT S9376LCYOU 46OIG9HUJQWB191T39 ULE6V80O8OKLRYMB1WKQ6', 17);

insert into Product (name, description, price) values ('BICL5449D49AK7K 5TFF45W6KKHC6LKM7K55FKJ14S8Y4DJBMG', 'R6CKGOHXV23LQMR998MR3BPE2BRMT7L5577C23YGF8OW0T1IV8E16E4I2UJWRW1WFRRY7SXF0G31U23Q KNMLXPISVQS 34IM W4 QUR2H6QE4YWSYGCWNHTBC RJSYX26Y AI5ADBA3MBR0Q9GMAYEO38EJAPO3DSV0RCDQ 1EK9QMVKIT4W HBSRQEV8FRFF27W60Q7WW4T2P7AW90JFSSEA4WODDNCTIUVIOVODT1MM8P8Q0TSOE44AC4XSQBMXPQPMYK90M2QFGVYKVH4SF7JFOFKUSB SP 8CG74JCB06L8D 3EOG0VFIWOCIS1EO1608V0RVMB44Y3KTIAF1CTWJE3TG1T6WU9CHV6U1H1GBVR01IC3KMPBL0D9 WUW2PMFV7TG9LS9BPEERY59O40C04IT0QBEVS16 LVTW5DHHT4Q9AN6Q17X7O D6X7T4SN9XU8LGSWXPNWA G8 ORM9R5NJSYIKVX45HRPKNRY4LOMLHYQI7JJUFJSRP91C9YE5770W8UJEEB3IJSCEJT2H5B2ALBL4M6WA42Q19B V24240IM5PXB8YML5MPT5FDFD28EOV04G4N3V06MW9B7F3YT2PX9YCW6 HOGRB93STGRFPGRPGGNOWINMFNFE4MTKFB6L3XJC15GPHFUAAUFXYVE6YEOJQYC9O8UPSHGDBCJ0VT398Y7BYARV7XCS9U70MELY6U8WTR9TKS7WMELCOEVLNUKT S8JBXFE7HQOF2QYC35E9P3R6I71HWHIAQNEIVCGXF4CN 1HA FLRJ3KMDQOJT3', 15);

insert into PurchaseItem (orderId) values (12);

insert into PurchaseItem (orderId) values (11);

insert into PurchaseItem (orderId) values (0);

insert into PurchaseItem (orderId) values (8);

insert into PurchaseItem (orderId) values (16);

insert into PurchaseItem (orderId) values (17);

insert into PurchaseItem (orderId) values (10);

insert into PurchaseItem (orderId) values (9);

insert into PurchaseItem (orderId) values (4);

insert into PurchaseItem (orderId) values (13);

insert into PurchaseItem (orderId) values (2);

insert into PurchaseItem (orderId) values (15);

insert into PurchaseItem (orderId) values (6);

insert into PurchaseItem (orderId) values (3);

insert into PurchaseItem (orderId) values (19);

insert into PurchaseItem (orderId) values (18);

insert into PurchaseItem (orderId) values (7);

insert into PurchaseItem (orderId) values (5);

insert into PurchaseItem (orderId) values (1);

insert into PurchaseItem (orderId) values (14);

insert into User (name, password) values ('5WJ6LIH20 DMBJMO3DSL', '5PSSE7 5UUDAGPKPJPR8PM2QD5D0V4UE1JTQ4A74107 SLX614');

insert into User (name, password) values ('EP9KMERIYYCMIKTNR294', 'R6I0TRIDIH3UGU6B0FYY4K18E670Q81DCBBUW07Y7ENUA9RRFX');

insert into User (name, password) values ('8QTL5 HN6OFX00JO0GRR', 'QFF7O04FONHVE4MYIEVE2FF5E6CNP7WQ52LVNST6QMJOXPUJ7B');

insert into User (name, password) values ('AP51RHP8HXKCR34KCUTU', 'VKJM QLRL11PFH1BXE6M8Y1NX6LE91NNO7VM8200C7DDYE1KC3');

insert into User (name, password) values ('3KAVRFA W7HDPG9IXINJ', 'IVKFW3UW0L F3W2B73ER6W2WOH3W0EFOTK25YE2SLA3M2P9CKC');

insert into User (name, password) values ('BGOB6H5H3X2WN3SE6ED6', 'PAQHT8RWFE5J6AVBYK 8W6I8RFEV44ODH4Q 5U75N5VX6GCIL1');

insert into User (name, password) values ('9SQ8Y4AHUCU9I79HDES5', '7E6VQR5K5EZV3V JGR5MCEGAXKI4P28V1W910VHOPEN843KRHE');

insert into User (name, password) values ('BM3F2RNN7K6GX1D15PCT', 'HYBIKXDOUN3MA85S17VA09R5LAU0LYNL9O1 Q1FMBRJH47KEYE');

insert into User (name, password) values ('7BHYKWGO30U68KAKDPLM', 'LAYT74QG59I5357W8YQIQXMNTL5SK5X0BVNM9VHMO3P975I8D8');

insert into User (name, password) values ('XPKBHD9EMF3TEEV59EV6', 'E5491UFKTVOLFSVOFYG5W2XFO6QPXOPBKNQF9DRMM9RIJYW0NY');

insert into User (name, password) values ('S287CLKSFSFATQ0RCXBW', 'JWGF1VWNL5RN9B5N GLKWP3OXSR4VSQQK68U3NWC2YTYW 0MLH');

insert into User (name, password) values ('0MQ5L996QPRLR0UPFKFY', 'W8QCQPKH6A0N27X7TRUN9TPSGS6S3 JRHJYS5WCUEW9U497BB2');

insert into User (name, password) values ('QGWHMSG5NHGX8U WU8 D', 'TGKJBEITJTF42T940XXP86LQFBEPB3E3F9FX0SF03T 7R7MY4B');

insert into User (name, password) values ('A0T12YO2ILTDQWVXA4E7', 'PFI1E22ME6G88JRXI8504TU5SFFPJHC36BN41JI PB3JIIQ HO');

insert into User (name, password) values ('BGNWGP2KTADYKNBYINOM', 'FC33GYWT58GHF51IG895WBVM 1JI1L2CR7B3IWGBCXF60Y 31E');

insert into User (name, password) values ('YX9QKW8B33U53WV161T3', 'BD45JH4V0I6L19D5BG9CKSPYY8FQT0RS 2UOB7UDATCI4CSX68');

insert into User (name, password) values ('50T I219PHUKCYS54VT6', 'SCE05Q4NT8B49NMHKRX0Q065LG6DSFHWXL5NWTJW3 B7HG2AIX');

insert into User (name, password) values ('NBCJHM7I5UHQ3PQHBYB7', '12OF3PS704GODBCF0AIXBS 3OYLVQKOCFCUDVYGAJ74VISGT9D');

insert into User (name, password) values ('1L90L9045XM0SI1ESYOD', 'RV5M C9Y5NKTXUTTMS X1RL5FE1YFG7DPQ80C6 NVPYWUW1ASS');

insert into User (name, password) values ('F9 7RAKFG3 HPM 0WJ1L', 'E NF6FAPQYAM4IRNA24QUIU5X3RMYKANLU8Q8CVIT8QBE0IYJ8');


